thread_link,TACTIC,TECHNIQUE,NOTE
https://hackforums.net/showthread.php?tid=5788781,,,
https://hackforums.net/showthread.php?tid=1852486,,,
https://hackforums.net/showthread.php?tid=6204382&action=newpost,,Exploit Public-Facing Application,
https://hackforums.net/showthread.php?tid=6225818&action=newpost,,Gather Victim Identity Information,
https://hackforums.net/showthread.php?tid=6154825&action=newpost,,,
https://hackforums.net/showthread.php?tid=6210167&action=newpost,,,
https://hackforums.net/showthread.php?tid=6225931&action=newpost,,,
https://hackforums.net/showthread.php?tid=1313479&action=newpost,,Endpoint Denial of Service,
https://hackforums.net/showthread.php?tid=6226146,,Gather Victim Identity Information,
https://hackforums.net/showthread.php?tid=665878&action=newpost,,"Phishing for Information, Phishing",
https://hackforums.net/showthread.php?tid=2422322&action=newpost,,"Phishing for Information, Phishing",
https://hackforums.net/showthread.php?tid=6209618&action=newpost,,,
https://hackforums.net/showthread.php?tid=2910051&action=newpost,,Drive-by Compromise,
https://hackforums.net/showthread.php?tid=6226363&action=newpost,,,
https://hackforums.net/showthread.php?tid=6220717,,,
https://hackforums.net/showthread.php?tid=6226333,Reconnaissance,,
https://hackforums.net/showthread.php?tid=6226259,,Acquire Infrastructure,
https://hackforums.net/showthread.php?tid=6135711,,,
https://hackforums.net/showthread.php?tid=6224728,Defense Evasion,,
https://hackforums.net/showthread.php?tid=6226161,,Input Capture,
https://hackforums.net/showthread.php?tid=6226153,,"Phishing for Information, Phishing",
https://hackforums.net/showthread.php?tid=6226160,,Endpoint Denial of Service,
https://hackforums.net/showthread.php?tid=6226158,,Supply Chain Compromise,
https://hackforums.net/showthread.php?tid=6226157,,Adversary-in-the-Middle,
https://hackforums.net/showthread.php?tid=6226154,,"Gather Victim Host Information,Gather Victim Identify Information, Gather Victim Network Information",
https://hackforums.net/showthread.php?tid=6226151,,"Gather Victim Host Information,Gather Victim Identify Information, Gather Victim Network Information",
https://hackforums.net/showthread.php?tid=6226148,,Input Capture,
https://hackforums.net/showthread.php?tid=6226147,,,
https://hackforums.net/showthread.php?tid=6226144,,User Execution,
https://hackforums.net/showthread.php?tid=6221991,,,
https://hackforums.net/showthread.php?tid=5791578,,,
https://hackforums.net/showthread.php?tid=6225946,,Exploit Public-Facing Application,
https://hackforums.net/showthread.php?tid=6138761,,,
https://hackforums.net/showthread.php?tid=6225819,,,
https://hackforums.net/showthread.php?tid=6225816,,,
https://hackforums.net/showthread.php?tid=6225798,,,
https://hackforums.net/showthread.php?tid=6225786,,,
https://hackforums.net/showthread.php?tid=6221102,,,
https://hackforums.net/showthread.php?tid=6210479,,Compromise Accounts,
https://hackforums.net/showthread.php?tid=6225677,,,
https://hackforums.net/showthread.php?tid=6223685,,,
https://hackforums.net/showthread.php?tid=6223266,,,
https://hackforums.net/showthread.php?tid=6222704,,,
https://hackforums.net/showthread.php?tid=6224630,,Obtain Capabilities,
https://hackforums.net/showthread.php?tid=6224373,,Data Encrypted for Impact,
https://hackforums.net/showthread.php?tid=6140903,,,
https://hackforums.net/showthread.php?tid=6220630,,Gather Victim Identity Information,
https://hackforums.net/showthread.php?tid=6216897,,,
https://hackforums.net/showthread.php?tid=6211103,,,
https://hackforums.net/showthread.php?tid=6225223,,,
https://hackforums.net/showthread.php?tid=6225201,Privilege Escalation,,
https://hackforums.net/showthread.php?tid=6149827,,,
https://hackforums.net/showthread.php?tid=6225162,,,
https://hackforums.net/showthread.php?tid=6224698,,Compromise Accounts,
https://hackforums.net/showthread.php?tid=6225106,,,
https://hackforums.net/showthread.php?tid=6125936,,,
https://hackforums.net/showthread.php?tid=6220642,,Compromise Accounts,
https://hackforums.net/showthread.php?tid=6225033,,,
https://hackforums.net/showthread.php?tid=6211523,,,
https://hackforums.net/showthread.php?tid=6210430,,Adversary-in-the-Middle,detailed tutor
https://hackforums.net/showthread.php?tid=6224527,,,
https://hackforums.net/showthread.php?tid=6224568,,,
https://hackforums.net/showthread.php?tid=6135834,,Establish Accounts,
https://hackforums.net/showthread.php?tid=6224370,,,
https://hackforums.net/showthread.php?tid=6223270,,Adversary-in-the-Middle,
https://hackforums.net/showthread.php?tid=6223757,,,
https://hackforums.net/showthread.php?tid=6223708,,,
https://hackforums.net/showthread.php?tid=6223648,,Search Open Websites/Domains,
https://hackforums.net/showthread.php?tid=6220406,Credential Access,,detailed tutor
https://hackforums.net/showthread.php?tid=6223318,,Exploit Public-Facing Application,
https://hackforums.net/showthread.php?tid=6222242,,Input Capture,detailed tutor
https://hackforums.net/showthread.php?tid=6223077,,,
https://hackforums.net/showthread.php?tid=6222926,,Compromise Accounts,
https://hackforums.net/showthread.php?tid=6222412,,,
https://hackforums.net/showthread.php?tid=6222589,,,
https://hackforums.net/showthread.php?tid=6222339,,Search Open Websites/Domains,
https://hackforums.net/showthread.php?tid=6221849,Reconnaissance,,
https://hackforums.net/showthread.php?tid=6221602,,,
https://hackforums.net/showthread.php?tid=6196278,,Endpoint Denial of Service,
https://hackforums.net/showthread.php?tid=6222132,,,
https://hackforums.net/showthread.php?tid=6220126,,,
https://hackforums.net/showthread.php?tid=6221561,,,
https://hackforums.net/showthread.php?tid=6221694,,,
https://hackforums.net/showthread.php?tid=6221819,,,
https://hackforums.net/showthread.php?tid=3076198,,,
https://hackforums.net/showthread.php?tid=6220516,,,
https://hackforums.net/showthread.php?tid=6221196,,,
https://hackforums.net/showthread.php?tid=6221150,,,
https://hackforums.net/showthread.php?tid=6171907,,,
https://hackforums.net/showthread.php?tid=6221225,,Adversary-in-the-Middle,
https://hackforums.net/showthread.php?tid=6207304,,,
https://hackforums.net/showthread.php?tid=6221112,,,
https://hackforums.net/showthread.php?tid=6221026,,,
https://hackforums.net/showthread.php?tid=6221025,,,
https://hackforums.net/showthread.php?tid=6038234,,Exploit Public-Facing Application,
https://hackforums.net/showthread.php?tid=4588892,,Exploit Public-Facing Application,
https://hackforums.net/showthread.php?tid=6090401,,Input Capture,
https://hackforums.net/showthread.php?tid=6220575,,,
https://hackforums.net/showthread.php?tid=6219555,,Compromise Accounts,
https://hackforums.net/showthread.php?tid=6220527,,,
https://hackforums.net/showthread.php?tid=6220519,,,
https://hackforums.net/showthread.php?tid=6220520,,,
https://hackforums.net/showthread.php?tid=6220431,,,
https://hackforums.net/showthread.php?tid=6219763,,,
https://hackforums.net/showthread.php?tid=6220430,,,
https://hackforums.net/showthread.php?tid=6219506,,,
https://hackforums.net/showthread.php?tid=6220074,,Exploitation for Client Execution,
https://hackforums.net/showthread.php?tid=6220427,,,
https://hackforums.net/showthread.php?tid=6220314,,Adversary-in-the-Middle,
https://hackforums.net/showthread.php?tid=6220312,,,
https://hackforums.net/showthread.php?tid=6219772,,,
https://hackforums.net/showthread.php?tid=3161962,,Defacement,
https://hackforums.net/showthread.php?tid=6219935,,,
https://hackforums.net/showthread.php?tid=6209373,,,
https://hackforums.net/showthread.php?tid=6130177,,,
https://hackforums.net/showthread.php?tid=6219831,,,
https://hackforums.net/showthread.php?tid=6194566,,Compromise Accounts,
https://hackforums.net/showthread.php?tid=6151464,,,
https://hackforums.net/showthread.php?tid=6213166,,,
https://hackforums.net/showthread.php?tid=6219427,,Compromise Accounts,
https://hackforums.net/showthread.php?tid=1838379,,Exploitation for Client Execution,
https://hackforums.net/showthread.php?tid=6218934,,Establish Accounts,
https://hackforums.net/showthread.php?tid=6219056,,,
https://hackforums.net/showthread.php?tid=6214515,,,
https://hackforums.net/showthread.php?tid=6219075,,,
https://hackforums.net/showthread.php?tid=6219026,,Compromise Accounts,
https://hackforums.net/showthread.php?tid=6213238,,,
https://hackforums.net/showthread.php?tid=6218623,,,
https://hackforums.net/showthread.php?tid=6218758,,,
https://hackforums.net/showthread.php?tid=6218666,,,
https://hackforums.net/showthread.php?tid=1598616,,,
https://hackforums.net/showthread.php?tid=1175906,,Compromise Accounts,detailed tutor
https://hackforums.net/showthread.php?tid=2008347,,,
https://hackforums.net/showthread.php?tid=6218394,,Compromise Accounts,
https://hackforums.net/showthread.php?tid=6217994,,Compromise Accounts,
https://hackforums.net/showthread.php?tid=6218300,,Establish Accounts,
https://hackforums.net/showthread.php?tid=6218085,,,
https://hackforums.net/showthread.php?tid=6213049,,,
https://hackforums.net/showthread.php?tid=6216765,,,
https://hackforums.net/showthread.php?tid=6189689,,Remote Access Software,
https://hackforums.net/showthread.php?tid=6209830,,,
https://hackforums.net/showthread.php?tid=6217626,,,
https://hackforums.net/showthread.php?tid=6211075,,,
https://hackforums.net/showthread.php?tid=6212333,,,
https://hackforums.net/showthread.php?tid=6216792,,,
https://hackforums.net/showthread.php?tid=6213186,,,
https://hackforums.net/showthread.php?tid=6135294,,,
https://hackforums.net/showthread.php?tid=6213434,,,
https://hackforums.net/showthread.php?tid=6214314,,,
https://hackforums.net/showthread.php?tid=6216624,,,
https://hackforums.net/showthread.php?tid=6200265,,,
https://hackforums.net/showthread.php?tid=6216245,,Compromise Accounts,
https://hackforums.net/showthread.php?tid=6211572,,,
https://hackforums.net/showthread.php?tid=6198035,,,
https://hackforums.net/showthread.php?tid=6215197,,,
https://hackforums.net/showthread.php?tid=6132499,,Exploitation for Client Execution,
https://hackforums.net/showthread.php?tid=6214397,,,
https://hackforums.net/showthread.php?tid=6214311,,Compromise Accounts,
https://hackforums.net/showthread.php?tid=6214309,,Search Open Websites/Domains,
https://hackforums.net/showthread.php?tid=6213671,,,
https://hackforums.net/showthread.php?tid=6173279,,,
https://hackforums.net/showthread.php?tid=6214076,,Gather Victim Network Information,
https://hackforums.net/showthread.php?tid=6214062,,Endpoint Denial of Service,
https://hackforums.net/showthread.php?tid=6213882,,,
https://hackforums.net/showthread.php?tid=6212222,,,
https://hackforums.net/showthread.php?tid=5202873,,Adversary-in-the-Middle,
https://hackforums.net/showthread.php?tid=6206373,,,
https://hackforums.net/showthread.php?tid=6213526,,,
https://hackforums.net/showthread.php?tid=6213496,,,
https://hackforums.net/showthread.php?tid=6213436,,User Execution,
https://hackforums.net/showthread.php?tid=6213430,,,
https://hackforums.net/showthread.php?tid=6211076,,,
https://hackforums.net/showthread.php?tid=6212597,,,
https://hackforums.net/showthread.php?tid=6213158,,,
https://hackforums.net/showthread.php?tid=6213137,,,
https://hackforums.net/showthread.php?tid=6213104,,,
https://hackforums.net/showthread.php?tid=6212854,,Exploit Public-Facing Application,
https://hackforums.net/showthread.php?tid=6211795,,,
https://hackforums.net/showthread.php?tid=6107611,,,
https://hackforums.net/showthread.php?tid=6212485,,,
https://hackforums.net/showthread.php?tid=6212488,,Replication Through Removable Media,
https://hackforums.net/showthread.php?tid=6212374,,,
https://hackforums.net/showthread.php?tid=6212241,,Exploit Public-Facing Application,
https://hackforums.net/showthread.php?tid=6190217,,,
https://hackforums.net/showthread.php?tid=6207241,,,
https://hackforums.net/showthread.php?tid=6212224,,,
https://hackforums.net/showthread.php?tid=6212221,,,
https://hackforums.net/showthread.php?tid=6212220,,Compromise Accounts,
https://hackforums.net/showthread.php?tid=6212200,,,
https://hackforums.net/showthread.php?tid=6212086,,,
https://hackforums.net/showthread.php?tid=6212093,,Compromise Accounts,
https://hackforums.net/showthread.php?tid=6211941,,,
https://hackforums.net/showthread.php?tid=6211937,,,
https://hackforums.net/showthread.php?tid=6211936,,User Execution,
https://hackforums.net/showthread.php?tid=6211935,,,
https://hackforums.net/showthread.php?tid=6211319,,Compromise Accounts,
https://hackforums.net/showthread.php?tid=6211250,,,
https://hackforums.net/showthread.php?tid=6143044,,Establish Accounts,
https://hackforums.net/showthread.php?tid=6210597,,,
https://hackforums.net/showthread.php?tid=6145513,,,
https://hackforums.net/showthread.php?tid=6203767,,,
https://hackforums.net/showthread.php?tid=6210372,,Compromise Accounts,
https://hackforums.net/showthread.php?tid=6210173,,,
https://hackforums.net/showthread.php?tid=6210130,,,
https://hackforums.net/showthread.php?tid=6209390,,Search Open Websites/Domains,
https://hackforums.net/showthread.php?tid=6148586,,,
https://hackforums.net/showthread.php?tid=6149530,,,
https://hackforums.net/showthread.php?tid=6188036,Command and Control,,
https://hackforums.net/showthread.php?tid=6209516,,Search Open Websites/Domains,
https://hackforums.net/showthread.php?tid=6209416,,Search Open Websites/Domains,
https://hackforums.net/showthread.php?tid=6209182,,,
https://hackforums.net/showthread.php?tid=6174642,,Compromise Accounts,
https://hackforums.net/showthread.php?tid=6208951,,Replication Through Removable Media,
https://hackforums.net/showthread.php?tid=6207951,,,
https://hackforums.net/showthread.php?tid=6208567,,,
https://hackforums.net/showthread.php?tid=6200331,,Compromise Accounts,
https://hackforums.net/showthread.php?tid=6200413,,,
https://hackforums.net/showthread.php?tid=6207957,,User Execution,
https://hackforums.net/showthread.php?tid=6207077,User Execution,,
https://hackforums.net/showthread.php?tid=6202945,,Establish Accounts,
https://hackforums.net/showthread.php?tid=6177084,,Establish Accounts,
https://hackforums.net/showthread.php?tid=6207096,,,
https://hackforums.net/showthread.php?tid=6207095,,,
https://hackforums.net/showthread.php?tid=6207092,,,
https://hackforums.net/showthread.php?tid=6207090,,Develop Capabilities,
https://hackforums.net/showthread.php?tid=6207089,,,
https://hackforums.net/showthread.php?tid=6207088,,,
https://hackforums.net/showthread.php?tid=6207084,,,
https://hackforums.net/showthread.php?tid=6207081,,Trusted Relationship,
https://hackforums.net/showthread.php?tid=6207074,,Input Capture,
https://hackforums.net/showthread.php?tid=6206912,,,
https://hackforums.net/showthread.php?tid=6206863,,Adversary-in-the-Middle,
https://hackforums.net/showthread.php?tid=6205235,,,
https://hackforums.net/showthread.php?tid=6206774,,,
https://hackforums.net/showthread.php?tid=6121830,,,
https://hackforums.net/showthread.php?tid=6206475,,,
https://hackforums.net/showthread.php?tid=6206556,,,
https://hackforums.net/showthread.php?tid=6134732,,,
https://hackforums.net/showthread.php?tid=6168507,,,
https://hackforums.net/showthread.php?tid=6167190,,Adversary-in-the-Middle,
https://hackforums.net/showthread.php?tid=6204510,,,
https://hackforums.net/showthread.php?tid=6081248,,,
https://hackforums.net/showthread.php?tid=6043393,,,
https://hackforums.net/showthread.php?tid=6190009,,Search Open Websites/Domains,detailed tutor
https://hackforums.net/showthread.php?tid=481439,,,
https://hackforums.net/showthread.php?tid=6204944,,,
https://hackforums.net/showthread.php?tid=6205244,,,
https://hackforums.net/showthread.php?tid=6198974,,Gather Victim Identity Information,
https://hackforums.net/showthread.php?tid=6205011,,,
https://hackforums.net/showthread.php?tid=6201367,,Drive-by Compromise,
https://hackforums.net/showthread.php?tid=6204758,,,
https://hackforums.net/showthread.php?tid=6176226,,,
https://hackforums.net/showthread.php?tid=6201375,,Valid Accounts,
https://hackforums.net/showthread.php?tid=6202250,,,
https://hackforums.net/showthread.php?tid=6203669,,OS Credential Dumping,
https://hackforums.net/showthread.php?tid=6203454,,,
https://hackforums.net/showthread.php?tid=6200957,,,
https://hackforums.net/showthread.php?tid=6090211,,,
https://hackforums.net/showthread.php?tid=6201577,,,
https://hackforums.net/showthread.php?tid=6202288,,,
https://hackforums.net/showthread.php?tid=6202272,,,
https://hackforums.net/showthread.php?tid=6202115,,,
https://hackforums.net/showthread.php?tid=6201549,,Gather Victim Identity Information,
https://hackforums.net/showthread.php?tid=6201540,,,
https://hackforums.net/showthread.php?tid=6201457,,,
https://hackforums.net/showthread.php?tid=6201322,,,
https://hackforums.net/showthread.php?tid=6201051,,Establish Accounts,
https://hackforums.net/showthread.php?tid=6196961,Initial Access,,
https://hackforums.net/showthread.php?tid=6200164,,,
https://hackforums.net/showthread.php?tid=6200769,Command and Control,,
https://hackforums.net/showthread.php?tid=6185951,,Compromise Accounts,
https://hackforums.net/showthread.php?tid=6130211,,File and Directory Discovery,
https://hackforums.net/showthread.php?tid=6200524,,,
https://hackforums.net/showthread.php?tid=6200392,,Compromise Accounts,
https://hackforums.net/showthread.php?tid=6200324,,Gather Victim Network Information,
https://hackforums.net/showthread.php?tid=6200189,,Compromise Accounts,
https://hackforums.net/showthread.php?tid=6200066,,,
https://hackforums.net/showthread.php?tid=6199925,,,
https://hackforums.net/showthread.php?tid=6130236,,,
https://hackforums.net/showthread.php?tid=6198748,,,
https://hackforums.net/showthread.php?tid=6197645,,,
https://hackforums.net/showthread.php?tid=6198979,,Exploit Public-Facing Application,
https://hackforums.net/showthread.php?tid=6197880,,,
https://hackforums.net/showthread.php?tid=6111976,,,
https://hackforums.net/showthread.php?tid=6197750,,,
https://hackforums.net/showthread.php?tid=6198489,,,
https://hackforums.net/showthread.php?tid=6198488,,,
https://hackforums.net/showthread.php?tid=6198486,,,
https://hackforums.net/showthread.php?tid=6198484,,,
https://hackforums.net/showthread.php?tid=6198401,,,
https://hackforums.net/showthread.php?tid=6198397,,,
https://hackforums.net/showthread.php?tid=6198385,,,
https://hackforums.net/showthread.php?tid=6198378,,Gather Victim Org Information,
https://hackforums.net/showthread.php?tid=6085713,,,
https://hackforums.net/showthread.php?tid=2344991,,,
https://hackforums.net/showthread.php?tid=6197952,,,
https://hackforums.net/showthread.php?tid=6197949,,,
https://hackforums.net/showthread.php?tid=6197948,,,
https://hackforums.net/showthread.php?tid=6197785,,,
https://hackforums.net/showthread.php?tid=6197780,,Compromise Accounts,
https://hackforums.net/showthread.php?tid=6197741,,Obfuscated Files or Information,
https://hackforums.net/showthread.php?tid=6197542,,OS Credential Dumping,
https://hackforums.net/showthread.php?tid=6197531,,,
https://hackforums.net/showthread.php?tid=6182994,,,
https://hackforums.net/showthread.php?tid=6080945,,Exploit Public-Facing Application,
https://hackforums.net/showthread.php?tid=6168028,,,
https://hackforums.net/showthread.php?tid=6182288,,,
https://hackforums.net/showthread.php?tid=6197338,,,
https://hackforums.net/showthread.php?tid=6173034,,Obtain Capabilities,
https://hackforums.net/showthread.php?tid=6196836,,Compromise Accounts,
https://hackforums.net/showthread.php?tid=6148624,,,
https://hackforums.net/showthread.php?tid=383500,,,
https://hackforums.net/showthread.php?tid=6196131,,,
https://hackforums.net/showthread.php?tid=6196970,,,
https://hackforums.net/showthread.php?tid=6196862,,,
https://hackforums.net/showthread.php?tid=6188443,,,
https://hackforums.net/showthread.php?tid=6196308,,,
https://hackforums.net/showthread.php?tid=6026877,,Search Open Websites/Domains,
https://hackforums.net/showthread.php?tid=6195775,,,
https://hackforums.net/showthread.php?tid=6195848,,Acquire Infrastructure,
https://hackforums.net/showthread.php?tid=6195682,,User Execution,
https://hackforums.net/showthread.php?tid=6067049,,,
https://hackforums.net/showthread.php?tid=6189010,,,
https://hackforums.net/showthread.php?tid=6195506,,,
https://hackforums.net/showthread.php?tid=6190638,,Develop Capabilities,
https://hackforums.net/showthread.php?tid=6193785,,,
https://hackforums.net/showthread.php?tid=6194554,,,
https://hackforums.net/showthread.php?tid=6195151,,,
https://hackforums.net/showthread.php?tid=6194460,,,
https://hackforums.net/showthread.php?tid=6193887,,,
https://hackforums.net/showthread.php?tid=6171746,,,
https://hackforums.net/showthread.php?tid=6077418,,,
https://hackforums.net/showthread.php?tid=6193847,,,
https://hackforums.net/showthread.php?tid=6190183,,,
https://hackforums.net/showthread.php?tid=6192940,,,
https://hackforums.net/showthread.php?tid=6187461,,Compromise Accounts,
https://hackforums.net/showthread.php?tid=6191380,,Gather Victim Network Information,
https://hackforums.net/showthread.php?tid=6191756,,,
https://hackforums.net/showthread.php?tid=6190484,,,
https://hackforums.net/showthread.php?tid=4329505,,,
https://hackforums.net/showthread.php?tid=6190423,,,
https://hackforums.net/showthread.php?tid=6190420,,Compromise Accounts,
https://hackforums.net/showthread.php?tid=6189885,,,
https://hackforums.net/showthread.php?tid=6144684,,,
https://hackforums.net/showthread.php?tid=6095729,,,
https://hackforums.net/showthread.php?tid=6173515,,,
https://hackforums.net/showthread.php?tid=6144507,,,
https://hackforums.net/showthread.php?tid=6188748,,,
https://hackforums.net/showthread.php?tid=6188656,,,
https://hackforums.net/showthread.php?tid=6188563,,,
https://hackforums.net/showthread.php?tid=6188392,,,
https://hackforums.net/showthread.php?tid=6187892,,,
https://hackforums.net/showthread.php?tid=6188322,,Compromise Accounts,
https://hackforums.net/showthread.php?tid=6130196,,,
https://hackforums.net/showthread.php?tid=6188381,,,
https://hackforums.net/showthread.php?tid=6188349,,,
https://hackforums.net/showthread.php?tid=6130205,,,
https://hackforums.net/showthread.php?tid=6188089,,,
https://hackforums.net/showthread.php?tid=6186129,,,
https://hackforums.net/showthread.php?tid=6184270,,,
https://hackforums.net/showthread.php?tid=6186887,,,
https://hackforums.net/showthread.php?tid=6187767,,,
https://hackforums.net/showthread.php?tid=6187666,,,
https://hackforums.net/showthread.php?tid=6183484,,,
https://hackforums.net/showthread.php?tid=6186802,,Develop Capabilities,
https://hackforums.net/showthread.php?tid=6186627,,,
https://hackforums.net/showthread.php?tid=6183952,,,
https://hackforums.net/showthread.php?tid=6186316,Defense Evasion,,
https://hackforums.net/showthread.php?tid=6186190,,Compromise Accounts,
https://hackforums.net/showthread.php?tid=6183290,,,
https://hackforums.net/showthread.php?tid=6044256,,,
https://hackforums.net/showthread.php?tid=6140146,,,
https://hackforums.net/showthread.php?tid=6184638,,Compromise Accounts,
https://hackforums.net/showthread.php?tid=6048858,,Compromise Accounts,
https://hackforums.net/showthread.php?tid=6184251,,,
https://hackforums.net/showthread.php?tid=5942233,,,
https://hackforums.net/showthread.php?tid=6177071,,,
https://hackforums.net/showthread.php?tid=6177086,,,
https://hackforums.net/showthread.php?tid=6170072,,,
https://hackforums.net/showthread.php?tid=6182729,,,
https://hackforums.net/showthread.php?tid=6182721,,Compromise Accounts,
https://hackforums.net/showthread.php?tid=6182544,,Compromise Accounts,
https://hackforums.net/showthread.php?tid=6174268,,,
https://hackforums.net/showthread.php?tid=6157692,,Compromise Accounts,
https://hackforums.net/showthread.php?tid=6159743,,,
https://hackforums.net/showthread.php?tid=6180103,Defense Evasion,,
https://hackforums.net/showthread.php?tid=6181998,,,
https://hackforums.net/showthread.php?tid=6181797,,,
https://hackforums.net/showthread.php?tid=6120783,,,
https://hackforums.net/showthread.php?tid=6091565,,,
https://hackforums.net/showthread.php?tid=6181364,,Acquire Infrastructure,
https://hackforums.net/showthread.php?tid=6181276,,,
https://hackforums.net/showthread.php?tid=6181121,,,
https://hackforums.net/showthread.php?tid=6180878,,,
https://hackforums.net/showthread.php?tid=6179337,,,
https://hackforums.net/showthread.php?tid=6180765,,Compromise Accounts,
https://hackforums.net/showthread.php?tid=6180735,,Acquire Infrastructure,
https://hackforums.net/showthread.php?tid=6180457,Browser Session Hijacking,,
https://hackforums.net/showthread.php?tid=5409321,,,
https://hackforums.net/showthread.php?tid=6179886,,,
https://hackforums.net/showthread.php?tid=6179689,,,
https://hackforums.net/showthread.php?tid=18572,,,
https://hackforums.net/showthread.php?tid=6178125,,,
https://hackforums.net/showthread.php?tid=6178975,,,
https://hackforums.net/showthread.php?tid=6107627,,,
https://hackforums.net/showthread.php?tid=6174285,,,
https://hackforums.net/showthread.php?tid=6163764,,,
https://hackforums.net/showthread.php?tid=6178577,,,
https://hackforums.net/showthread.php?tid=6175564,,,
https://hackforums.net/showthread.php?tid=1920615,,,
https://hackforums.net/showthread.php?tid=6177912,,,
https://hackforums.net/showthread.php?tid=6174503,,,
https://hackforums.net/showthread.php?tid=6177400,,,
https://hackforums.net/showthread.php?tid=6139461,,,
https://hackforums.net/showthread.php?tid=6176813,,,
https://hackforums.net/showthread.php?tid=6176433,,,
https://hackforums.net/showthread.php?tid=6176940,,,
https://hackforums.net/showthread.php?tid=6176849,,,
https://hackforums.net/showthread.php?tid=6176693,,,
https://hackforums.net/showthread.php?tid=6144909,,,
https://hackforums.net/showthread.php?tid=6170292,,,
https://hackforums.net/showthread.php?tid=6175337,,,
https://hackforums.net/showthread.php?tid=6176432,,,
https://hackforums.net/showthread.php?tid=6176096,,,
https://hackforums.net/showthread.php?tid=6175707,,,
https://hackforums.net/showthread.php?tid=6144922,,,
https://hackforums.net/showthread.php?tid=6158377,,,
https://hackforums.net/showthread.php?tid=6144917,,,
https://hackforums.net/showthread.php?tid=6174606,,,
https://hackforums.net/showthread.php?tid=5565216,,,
https://hackforums.net/showthread.php?tid=6174281,,,
https://hackforums.net/showthread.php?tid=6173470,,,
https://hackforums.net/showthread.php?tid=504268,,,
https://hackforums.net/showthread.php?tid=6154822,,,
https://hackforums.net/showthread.php?tid=81098,,,
https://hackforums.net/showthread.php?tid=6173956,,,
https://hackforums.net/showthread.php?tid=6172321,,,
https://hackforums.net/showthread.php?tid=6173751,,,
https://hackforums.net/showthread.php?tid=6173742,,,
https://hackforums.net/showthread.php?tid=6173426,,,
https://hackforums.net/showthread.php?tid=6171366,,,
https://hackforums.net/showthread.php?tid=6173482,,,
https://hackforums.net/showthread.php?tid=6170667,,,
https://hackforums.net/showthread.php?tid=6173104,,,
https://hackforums.net/showthread.php?tid=6173095,,,
https://hackforums.net/showthread.php?tid=5809119,,,
https://hackforums.net/showthread.php?tid=6170092,,,
https://hackforums.net/showthread.php?tid=6171489,,,
https://hackforums.net/showthread.php?tid=6172476,,,
https://hackforums.net/showthread.php?tid=6171793,,,
https://hackforums.net/showthread.php?tid=6148596,,,
https://hackforums.net/showthread.php?tid=6130946,,,
https://hackforums.net/showthread.php?tid=6171926,,,
https://hackforums.net/showthread.php?tid=6171795,,,
https://hackforums.net/showthread.php?tid=6148599,,,
https://hackforums.net/showthread.php?tid=6170926,,,
https://hackforums.net/showthread.php?tid=6171606,,,
https://hackforums.net/showthread.php?tid=6171604,,,
https://hackforums.net/showthread.php?tid=6171566,,,
https://hackforums.net/showthread.php?tid=6171315,,,
https://hackforums.net/showthread.php?tid=6144501,,,
https://hackforums.net/showthread.php?tid=6171102,,,
https://hackforums.net/showthread.php?tid=6162479,,,
https://hackforums.net/showthread.php?tid=6150423,,,
https://hackforums.net/showthread.php?tid=6148636,,,
https://hackforums.net/showthread.php?tid=6171212,,,
https://hackforums.net/showthread.php?tid=6141070,,,
https://hackforums.net/showthread.php?tid=6150181,,,
https://hackforums.net/showthread.php?tid=6140537,,,
https://hackforums.net/showthread.php?tid=6146369,,,
https://hackforums.net/showthread.php?tid=6157619,,,
https://hackforums.net/showthread.php?tid=6158462,,,
https://hackforums.net/showthread.php?tid=6162215,,,
https://hackforums.net/showthread.php?tid=6163122,,,
https://hackforums.net/showthread.php?tid=6166150,,,
https://hackforums.net/showthread.php?tid=6166465,,,
https://hackforums.net/showthread.php?tid=6166253,,,
https://hackforums.net/showthread.php?tid=6167261,,,
https://hackforums.net/showthread.php?tid=6167329,,,
https://hackforums.net/showthread.php?tid=6167816,,,
https://hackforums.net/showthread.php?tid=6169424,,,
https://hackforums.net/showthread.php?tid=6169230,,,
https://hackforums.net/showthread.php?tid=6164277,,,
https://hackforums.net/showthread.php?tid=6169372,,,
https://hackforums.net/showthread.php?tid=6160379,,,
https://hackforums.net/showthread.php?tid=6167554,,,
https://hackforums.net/showthread.php?tid=13254,,,
https://hackforums.net/showthread.php?tid=6168481,,,
https://hackforums.net/showthread.php?tid=6168362,,,
https://hackforums.net/showthread.php?tid=5907451,,,
https://hackforums.net/showthread.php?tid=6167802,,,
https://hackforums.net/showthread.php?tid=6167631,,,
https://hackforums.net/showthread.php?tid=6166836,,,
https://hackforums.net/showthread.php?tid=6167689,,,
https://hackforums.net/showthread.php?tid=6167618,,,
https://hackforums.net/showthread.php?tid=6138547,,,
https://hackforums.net/showthread.php?tid=6142451,,,
https://hackforums.net/showthread.php?tid=6144000,,,
https://hackforums.net/showthread.php?tid=6149859,,,
https://hackforums.net/showthread.php?tid=6154626,,,
https://hackforums.net/showthread.php?tid=6153025,,,
https://hackforums.net/showthread.php?tid=6160725,,,
https://hackforums.net/showthread.php?tid=6141655,,,
https://hackforums.net/showthread.php?tid=6150115,,,
https://hackforums.net/showthread.php?tid=6166548,,,
https://hackforums.net/showthread.php?tid=6138143,,,
https://hackforums.net/showthread.php?tid=5982342,,,
https://hackforums.net/showthread.php?tid=6146538,,,
https://hackforums.net/showthread.php?tid=6016447,,,
https://hackforums.net/showthread.php?tid=6165907,,,
https://hackforums.net/showthread.php?tid=6165228,,,
https://hackforums.net/showthread.php?tid=6147642,,,
https://hackforums.net/showthread.php?tid=6163762,,,
https://hackforums.net/showthread.php?tid=6165672,,,
https://hackforums.net/showthread.php?tid=6165638,,,
https://hackforums.net/showthread.php?tid=6026394,,,
https://hackforums.net/showthread.php?tid=6164827,,,
https://hackforums.net/showthread.php?tid=6164162,,,
https://hackforums.net/showthread.php?tid=6163819,,,
https://hackforums.net/showthread.php?tid=6163911,,,
https://hackforums.net/showthread.php?tid=6025888,,,
https://hackforums.net/showthread.php?tid=6163494,,,
https://hackforums.net/showthread.php?tid=6052175,,,
https://hackforums.net/showthread.php?tid=6162526,,,
https://hackforums.net/showthread.php?tid=5598201,,,
https://hackforums.net/showthread.php?tid=5987660,,,
https://hackforums.net/showthread.php?tid=6161951,,,
https://hackforums.net/showthread.php?tid=6161923,,,
https://hackforums.net/showthread.php?tid=6159490,,,
https://hackforums.net/showthread.php?tid=6154072,,,
https://hackforums.net/showthread.php?tid=6148619,,,
https://hackforums.net/showthread.php?tid=6144721,,,
https://hackforums.net/showthread.php?tid=6161065,,,
https://hackforums.net/showthread.php?tid=2894525,,,
https://hackforums.net/showthread.php?tid=6134533,,,
https://hackforums.net/showthread.php?tid=4201888,,,
https://hackforums.net/showthread.php?tid=6159890,,,
https://hackforums.net/showthread.php?tid=6155562,,,
https://hackforums.net/showthread.php?tid=6143182,,,
https://hackforums.net/showthread.php?tid=6152298,,,
https://hackforums.net/showthread.php?tid=6141917,,,
https://hackforums.net/showthread.php?tid=6156512,,,
https://hackforums.net/showthread.php?tid=6133869,,,
https://hackforums.net/showthread.php?tid=6146240,,,
https://hackforums.net/showthread.php?tid=6157553,,,
https://hackforums.net/showthread.php?tid=6077748,,,
https://hackforums.net/showthread.php?tid=6151034,,,
https://hackforums.net/showthread.php?tid=6156355,,,
https://hackforums.net/showthread.php?tid=6134287,,,
https://hackforums.net/showthread.php?tid=6075851,,,
https://hackforums.net/showthread.php?tid=6154042,,,
https://hackforums.net/showthread.php?tid=6154977,,,
https://hackforums.net/showthread.php?tid=6098727,,,
https://hackforums.net/showthread.php?tid=5538591,,,
https://hackforums.net/showthread.php?tid=6154394,,,
https://hackforums.net/showthread.php?tid=6153644,,,
https://hackforums.net/showthread.php?tid=6119303,,,
https://hackforums.net/showthread.php?tid=408223,,,
https://hackforums.net/showthread.php?tid=6152840,,,
https://hackforums.net/showthread.php?tid=6152606,,,
https://hackforums.net/showthread.php?tid=6151356,,,
https://hackforums.net/showthread.php?tid=2910596,,,
https://hackforums.net/showthread.php?tid=6152121,,,
https://hackforums.net/showthread.php?tid=6135111,,,
https://hackforums.net/showthread.php?tid=6150007,,,
https://hackforums.net/showthread.php?tid=6149790,,,
https://hackforums.net/showthread.php?tid=6066445,,,
https://hackforums.net/showthread.php?tid=6143836,,,
https://hackforums.net/showthread.php?tid=6148605,,,
https://hackforums.net/showthread.php?tid=6150616,,,
https://hackforums.net/showthread.php?tid=6150003,,,
https://hackforums.net/showthread.php?tid=6149644,,,
https://hackforums.net/showthread.php?tid=6149857,,,
https://hackforums.net/showthread.php?tid=6144822,,,
https://hackforums.net/showthread.php?tid=6143586,,,
https://hackforums.net/showthread.php?tid=6145009,,,
https://hackforums.net/showthread.php?tid=6148417,,,
https://hackforums.net/showthread.php?tid=6148516,,,
https://hackforums.net/showthread.php?tid=6132868,,,
https://hackforums.net/showthread.php?tid=6148362,,,
https://hackforums.net/showthread.php?tid=6035530,,,
https://hackforums.net/showthread.php?tid=6143184,,,
https://hackforums.net/showthread.php?tid=6146572,,,
https://hackforums.net/showthread.php?tid=6144900,,,
https://hackforums.net/showthread.php?tid=6144908,,,
https://hackforums.net/showthread.php?tid=4469606,,,
https://hackforums.net/showthread.php?tid=6147688,,,
https://hackforums.net/showthread.php?tid=6040370,,,
https://hackforums.net/showthread.php?tid=6146644,,,
https://hackforums.net/showthread.php?tid=6145510,,,
https://hackforums.net/showthread.php?tid=6141702,,,
https://hackforums.net/showthread.php?tid=6144675,,,
https://hackforums.net/showthread.php?tid=6144919,,,
https://hackforums.net/showthread.php?tid=6143999,,,
https://hackforums.net/showthread.php?tid=6145039,,,
https://hackforums.net/showthread.php?tid=6144901,,,
https://hackforums.net/showthread.php?tid=5987400,,,
https://hackforums.net/showthread.php?tid=6140077,,,
https://hackforums.net/showthread.php?tid=6144903,,,
https://hackforums.net/showthread.php?tid=6144915,,,
https://hackforums.net/showthread.php?tid=6144703,,,
https://hackforums.net/showthread.php?tid=6013545,,,
https://hackforums.net/showthread.php?tid=6144560,,,
https://hackforums.net/showthread.php?tid=6144504,,,
https://hackforums.net/showthread.php?tid=6144412,,,
https://hackforums.net/showthread.php?tid=6144413,,,
https://hackforums.net/showthread.php?tid=6144385,,,
https://hackforums.net/showthread.php?tid=6144383,,,
https://hackforums.net/showthread.php?tid=6144149,,,
https://hackforums.net/showthread.php?tid=6144023,,,
https://hackforums.net/showthread.php?tid=6143837,,,
https://hackforums.net/showthread.php?tid=6143638,,,
https://hackforums.net/showthread.php?tid=5986758,,,
https://hackforums.net/showthread.php?tid=6141815,,,
https://hackforums.net/showthread.php?tid=6140618,,,
https://hackforums.net/showthread.php?tid=6143080,,,
https://hackforums.net/showthread.php?tid=6142910,,,
https://hackforums.net/showthread.php?tid=6142528,,,
https://hackforums.net/showthread.php?tid=6142351,,,
https://hackforums.net/showthread.php?tid=6095660,,,
https://hackforums.net/showthread.php?tid=6141911,,,
https://hackforums.net/showthread.php?tid=546096,,,
https://hackforums.net/showthread.php?tid=60096,,,
https://hackforums.net/showthread.php?tid=5675570,,,
https://hackforums.net/showthread.php?tid=6117604,,,
https://hackforums.net/showthread.php?tid=6141041,,,
https://hackforums.net/showthread.php?tid=6140817,,,
https://hackforums.net/showthread.php?tid=6135138,,,
https://hackforums.net/showthread.php?tid=6140033,,,
https://hackforums.net/showthread.php?tid=6140368,,,
https://hackforums.net/showthread.php?tid=6140370,,,
https://hackforums.net/showthread.php?tid=6140070,,,
https://hackforums.net/showthread.php?tid=6139838,,,
https://hackforums.net/showthread.php?tid=6138923,,,
https://hackforums.net/showthread.php?tid=6138764,,,
https://hackforums.net/showthread.php?tid=6116026,,,
https://hackforums.net/showthread.php?tid=6137648,,,
https://hackforums.net/showthread.php?tid=6138154,,,
https://hackforums.net/showthread.php?tid=6133204,,,
https://hackforums.net/showthread.php?tid=6137647,,,
https://hackforums.net/showthread.php?tid=6138038,,,
https://hackforums.net/showthread.php?tid=6137181,,,
https://hackforums.net/showthread.php?tid=6137420,,,
https://hackforums.net/showthread.php?tid=6136782,,,
https://hackforums.net/showthread.php?tid=6136602,,,
https://hackforums.net/showthread.php?tid=6136747,,,
https://hackforums.net/showthread.php?tid=6136667,,,
https://hackforums.net/showthread.php?tid=6136628,,,
https://hackforums.net/showthread.php?tid=6136559,,,
https://hackforums.net/showthread.php?tid=6136303,,,
https://hackforums.net/showthread.php?tid=6134733,,,
https://hackforums.net/showthread.php?tid=6136069,,,
https://hackforums.net/showthread.php?tid=6135957,,,
https://hackforums.net/showthread.php?tid=6135139,,,
https://hackforums.net/showthread.php?tid=6132824,,,
https://hackforums.net/showthread.php?tid=6135639,,,
https://hackforums.net/showthread.php?tid=6135478,,,
https://hackforums.net/showthread.php?tid=6135158,,,
https://hackforums.net/showthread.php?tid=6135156,,,
https://hackforums.net/showthread.php?tid=6134976,,,
https://hackforums.net/showthread.php?tid=6134974,,,
https://hackforums.net/showthread.php?tid=4015610,,,
https://hackforums.net/showthread.php?tid=6068402,,,
https://hackforums.net/showthread.php?tid=6113300,,,
https://hackforums.net/showthread.php?tid=6134534,,,
https://hackforums.net/showthread.php?tid=6123175,,,
https://hackforums.net/showthread.php?tid=841228,,,
https://hackforums.net/showthread.php?tid=6133265,,,
https://hackforums.net/showthread.php?tid=6133357,,,
https://hackforums.net/showthread.php?tid=6132175,,,
https://hackforums.net/showthread.php?tid=6104688,,,
https://hackforums.net/showthread.php?tid=6047546,,,
https://hackforums.net/showthread.php?tid=6133146,,,
https://hackforums.net/showthread.php?tid=6133137,,,
https://hackforums.net/showthread.php?tid=6132157,,,
https://hackforums.net/showthread.php?tid=6132703,,,
https://hackforums.net/showthread.php?tid=6121831,,,
https://hackforums.net/showthread.php?tid=6132782,,,
https://hackforums.net/showthread.php?tid=6130185,,,
https://hackforums.net/showthread.php?tid=6105040,,,
https://hackforums.net/showthread.php?tid=6105054,,,
https://hackforums.net/showthread.php?tid=6131628,,,
https://hackforums.net/showthread.php?tid=6131362,,,
https://hackforums.net/showthread.php?tid=4790101,,,
https://hackforums.net/showthread.php?tid=6117366,,,
https://hackforums.net/showthread.php?tid=6130253,,,
https://hackforums.net/showthread.php?tid=5757107,,,
https://hackforums.net/showthread.php?tid=1391915,,,
https://hackforums.net/showthread.php?tid=6128335,,,
https://hackforums.net/showthread.php?tid=6130245,,,
https://hackforums.net/showthread.php?tid=6130200,,,
https://hackforums.net/showthread.php?tid=6130190,,,
https://hackforums.net/showthread.php?tid=6122442,,,
https://hackforums.net/showthread.php?tid=6122435,,,
https://hackforums.net/showthread.php?tid=6088428,,,
https://hackforums.net/showthread.php?tid=6129485,,,
https://hackforums.net/showthread.php?tid=6129360,,,
https://hackforums.net/showthread.php?tid=6127717,,,
https://hackforums.net/showthread.php?tid=6129140,,,
https://hackforums.net/showthread.php?tid=4007639,,,
https://hackforums.net/showthread.php?tid=6072215,,,
https://hackforums.net/showthread.php?tid=6107363,,,
https://hackforums.net/showthread.php?tid=6127223,,,
https://hackforums.net/showthread.php?tid=5610727,,,
https://hackforums.net/showthread.php?tid=6125240,,,
https://hackforums.net/showthread.php?tid=6126875,,,
https://hackforums.net/showthread.php?tid=6126736,,,
https://hackforums.net/showthread.php?tid=6119848,,,
https://hackforums.net/showthread.php?tid=6126176,,,
https://hackforums.net/showthread.php?tid=6123045,,,
https://hackforums.net/showthread.php?tid=6120196,,,
https://hackforums.net/showthread.php?tid=6126021,,,
https://hackforums.net/showthread.php?tid=6037590,,,
https://hackforums.net/showthread.php?tid=6124638,,,
https://hackforums.net/showthread.php?tid=6124913,,,
https://hackforums.net/showthread.php?tid=3289439,,,
https://hackforums.net/showthread.php?tid=6117404,,,
https://hackforums.net/showthread.php?tid=6117406,,,
https://hackforums.net/showthread.php?tid=6120722,,,
https://hackforums.net/showthread.php?tid=6124037,,,
https://hackforums.net/showthread.php?tid=6123950,,,
https://hackforums.net/showthread.php?tid=6123949,,,
https://hackforums.net/showthread.php?tid=6123858,,,
https://hackforums.net/showthread.php?tid=6123758,,,
https://hackforums.net/showthread.php?tid=6123661,,,
https://hackforums.net/showthread.php?tid=6123442,,,
https://hackforums.net/showthread.php?tid=5846667,,,
https://hackforums.net/showthread.php?tid=6116837,,,
https://hackforums.net/showthread.php?tid=6110336,,,
https://hackforums.net/showthread.php?tid=6122129,,,
https://hackforums.net/showthread.php?tid=6116830,,,
https://hackforums.net/showthread.php?tid=6121441,,,
https://hackforums.net/showthread.php?tid=6122959,,,
https://hackforums.net/showthread.php?tid=6122690,,,
https://hackforums.net/showthread.php?tid=6122529,,,
https://hackforums.net/showthread.php?tid=6122524,,,
https://hackforums.net/showthread.php?tid=6122516,,,
https://hackforums.net/showthread.php?tid=6122515,,,
https://hackforums.net/showthread.php?tid=6122439,,,
https://hackforums.net/showthread.php?tid=6121387,,,
https://hackforums.net/showthread.php?tid=6120327,,,
https://hackforums.net/showthread.php?tid=6121617,,,
https://hackforums.net/showthread.php?tid=6121614,,,
https://hackforums.net/showthread.php?tid=6113382,,,
https://hackforums.net/showthread.php?tid=6121438,,,
https://hackforums.net/showthread.php?tid=6117409,,,
https://hackforums.net/showthread.php?tid=6119861,,,
https://hackforums.net/showthread.php?tid=6120825,,,
https://hackforums.net/showthread.php?tid=6120788,,,
https://hackforums.net/showthread.php?tid=6120720,,,
https://hackforums.net/showthread.php?tid=6120721,,,
https://hackforums.net/showthread.php?tid=6120319,,,
https://hackforums.net/showthread.php?tid=6120222,,,
https://hackforums.net/showthread.php?tid=6120200,,,
https://hackforums.net/showthread.php?tid=6120193,,,
https://hackforums.net/showthread.php?tid=6120109,,,
https://hackforums.net/showthread.php?tid=6120097,,,
https://hackforums.net/showthread.php?tid=6120096,,,
https://hackforums.net/showthread.php?tid=6111018,,,
https://hackforums.net/showthread.php?tid=6119588,,,
https://hackforums.net/showthread.php?tid=6119260,,,
https://hackforums.net/showthread.php?tid=6117407,,,
https://hackforums.net/showthread.php?tid=6118264,,,
https://hackforums.net/showthread.php?tid=6118780,,,
https://hackforums.net/showthread.php?tid=6118778,,,
https://hackforums.net/showthread.php?tid=6069747,,,
https://hackforums.net/showthread.php?tid=6118123,,,
https://hackforums.net/showthread.php?tid=6117552,,,
https://hackforums.net/showthread.php?tid=6114858,,,
https://hackforums.net/showthread.php?tid=6115474,,,
https://hackforums.net/showthread.php?tid=6117410,,,
https://hackforums.net/showthread.php?tid=6102591,,,
https://hackforums.net/showthread.php?tid=6117228,,,
https://hackforums.net/showthread.php?tid=6116233,,,
https://hackforums.net/showthread.php?tid=6116831,,,
https://hackforums.net/showthread.php?tid=6105836,,,
https://hackforums.net/showthread.php?tid=6116396,,,
https://hackforums.net/showthread.php?tid=6116501,,,
https://hackforums.net/showthread.php?tid=6116068,,,
https://hackforums.net/showthread.php?tid=6104231,,,
https://hackforums.net/showthread.php?tid=6099082,,,
https://hackforums.net/showthread.php?tid=6114999,,,
https://hackforums.net/showthread.php?tid=6111757,,,
https://hackforums.net/showthread.php?tid=6068500,,,
https://hackforums.net/showthread.php?tid=6110870,,,
https://hackforums.net/showthread.php?tid=6023983,,,
https://hackforums.net/showthread.php?tid=6113840,,,
https://hackforums.net/showthread.php?tid=6101720,,,
https://hackforums.net/showthread.php?tid=6112433,,,
https://hackforums.net/showthread.php?tid=6105052,,,
https://hackforums.net/showthread.php?tid=6112301,,,
https://hackforums.net/showthread.php?tid=6112438,,,
https://hackforums.net/showthread.php?tid=6109791,,,
https://hackforums.net/showthread.php?tid=6110747,,,
https://hackforums.net/showthread.php?tid=6111148,,,
https://hackforums.net/showthread.php?tid=6111303,,,
https://hackforums.net/showthread.php?tid=6110149,,,
https://hackforums.net/showthread.php?tid=6110264,,,
https://hackforums.net/showthread.php?tid=6110393,,,
https://hackforums.net/showthread.php?tid=6110293,,,
https://hackforums.net/showthread.php?tid=6073952,,,
https://hackforums.net/showthread.php?tid=6026428,,,
https://hackforums.net/showthread.php?tid=6110150,,,
https://hackforums.net/showthread.php?tid=6099286,,,
https://hackforums.net/showthread.php?tid=6104717,,,
https://hackforums.net/showthread.php?tid=6108172,,,
https://hackforums.net/showthread.php?tid=5968430,,,
https://hackforums.net/showthread.php?tid=6059194,,,
https://hackforums.net/showthread.php?tid=6099846,,,
https://hackforums.net/showthread.php?tid=6109542,,,
https://hackforums.net/showthread.php?tid=6109500,,,
https://hackforums.net/showthread.php?tid=6032234,,,
https://hackforums.net/showthread.php?tid=6109283,,,
https://hackforums.net/showthread.php?tid=6050584,,,
https://hackforums.net/showthread.php?tid=6102590,,,
https://hackforums.net/showthread.php?tid=6087289,,,
https://hackforums.net/showthread.php?tid=6105056,,,
https://hackforums.net/showthread.php?tid=6105953,,,
https://hackforums.net/showthread.php?tid=6107583,,,
https://hackforums.net/showthread.php?tid=5987771,,,
https://hackforums.net/showthread.php?tid=6101116,,,
https://hackforums.net/showthread.php?tid=6014906,,,
https://hackforums.net/showthread.php?tid=6106479,,,
https://hackforums.net/showthread.php?tid=5062627,,,